﻿<?xml version="1.0" encoding="utf-8"?>
<people>
  <person employeeId="0001" job="accountant" title="Sir">
    <name>
      <first>John</first>
      <middle initial="y">H</middle>
      <last>Doe</last>
    </name>
    <bio>John is an accountant with &gt; <strong>10 years experience</strong>. Here's more <em>text</em>.</bio>
  </person>
  <person employeeId="0002" job="wizard" title="Mr">
    <name>
      <first>Harry</first>
      <last>Potter</last>
    </name>
    <bio><![CDATA[
      Harry first appeared in <Harry Potter & the Philosopher's Stone>.
    ]]></bio>
  </person>
  <person job="James">
    <name>
      <first>Smith</first>
      <last>janitor</last>
    </name>
  </person>
  <person job="spy">
    <name>
      <first>Sterling</first>
      <last>Archer</last>
    </name>
  </person>
</people>